"Complete ""Games"" Sheet","""Games"" Sheet","""Test"" Sheet","""Top5AMRGames"" Sheet"
Superbugs: The game,Superbugs: The game,Superbugs: The game,Superbugs: The game
IMPACT,Private Penny: The Resistance,Private Penny: The Resistance,Dr Bug: Microbe Mayhem!
THE ANTIBIOTIC GUIDE,Terebra-The Antibiotic Puzzle,Terebra-The Antibiotic Puzzle,Bacteria Combat Lite
CliMic-Antimicrobial tool,SuperBug,SuperBug,Fungal Invaders
"Expert Stewardship, Inc.",Resistance 101,Resistance 101,Bye Bye Bugs
Antimicrobial Guidelines,Game of Antibiotic,Game of Antibiotic,Disease Lab: the most viral game in the world
Private Penny: The Resistance,the resistance game,the resistance game,Aporo
Terebra-The Antibiotic Puzzle,Antibiyotik,Antibiyotik,Terebra-The Antibiotic Puzzle
ATLAS Surveillance,Bye Bye Bugs,Bye Bye Bugs,Killer Fungus
Antibiotics pocket,Bacteria Battle,Bacteria Battle,Bacteria Battle
STNMH Antibiotic Policy,Dr Bug: Microbe Mayhem!,Dr Bug: Microbe Mayhem!,Private Penny: The Resistance
TBeReview:DRTB,Plague Inc.,Plague Inc.,Resistance 101
Antibiotics and infection,Bacteria Combat Lite,Bacteria Combat Lite,Game of Antibiotic
Bugs & Drugs,Fungal Invaders,Fungal Invaders,the resistance game
MicroGuide,Aporo,Aporo,LAB Escape!
Antimicrobial Guide,Outbreak - Infect The World,Outbreak - Infect The World,Cell Surgeon - 3D Match 4 Game
Antibiotics for common infections,LAB Escape!,LAB Escape!,Outbreak - Infect The World
Microbes Man and the Environment,Cell Surgeon - 3D Match 4 Game,Cell Surgeon - 3D Match 4 Game,Plague Inc.
SuperBug,Killer Fungus,Killer Fungus,SuperBug
Empiric,Disease Lab: the most viral game in the world,Disease Lab: the most viral game in the world,Antibiyotik
Antibiotic essential,,,
Resistance 101,,,
Herts Antibiotics Guidelines,,,
Bacteria interactive educational VR 3D,,,
Classes of Antibiotics,,,
antibiotics flashcards,,,
Antibiotics for RN's,,,
Virus and Bacteria,,,
MAXXIM WAAW,,,
Game of Antibiotic,,,
the resistance game,,,
antibiotic management,,,
Antibiyotik,,,
Infection,,,
Antimicrobial Presciption Adviser in Risk Groups,,,
Bye Bye Bugs,,,
Infectious Disease Compendium,,,
Bacteria Battle,,,
Antibiotics Exam Review-3200 StudyNotes and Quizzes,,,
Ab Kinectics,,,
Dr Bug: Microbe Mayhem!,,,
Plague Inc.,,,
Bacteria Combat Lite,,,
Fungal Invaders,,,
Aporo,,,
Outbreak - Infect The World,,,
LAB Escape!,,,
Cell Surgeon - 3D Match 4 Game,,,
Killer Fungus,,,
Disease Lab: the most viral game in the world,,,